USE [Symphony_Integration]  CREATE TABLE [dbo].[tbl_Notification_Enable_Config](	[Key] [nvarchar](500) NOT NULL,	[Enable] [bit] NOT NULL) CREATE TABLE [dbo].[tbl_Notification_Value_Config]( [Key] [nvarchar](500) NOT NULL,[Value] [nvarchar](500) NOT NULL) CREATE TABLE [dbo].[tbl_Notification_ServiceName](	[Key] [nvarchar](500) NOT NULL,	[ArabicValue] [nvarchar](500) NOT NULL,	[EnglishValue] [nvarchar](500) NOT NULL) CREATE TABLE [dbo].[tbl_Notification_Approvals](	[OPT] [nvarchar](500) NOT NULL,	[Value] [nvarchar](500) NOT NULL) CREATE TABLE [dbo].[tbl_Notification_Request](	[Key] [nvarchar](500) NOT NULL,	[ArabicValue] [nvarchar](500) NOT NULL,	[EnglishValue] [nvarchar](500) NOT NULL) CREATE TABLE [dbo].[tbl_Notification_Email_Temp]([TempName] [nvarchar](500) NOT NULL,[TempValue] [text] NOT NULL) CREATE TABLE [dbo].[tbl_Notification_SMS_Temp]([TempName] [nvarchar](500) NOT NULL,[TempValue] [text] NOT NULL) CREATE TABLE [dbo].[tbl_Notification_Mobile_Temp]([TempName] [nvarchar](500) NOT NULL,[TempValue] [text] NOT NULL) CREATE TABLE [dbo].[tbl_Notification_Error_Log]([Type] [nvarchar](500) NOT NULL,[DataTime] datetime NOT NULL,[Text] [text] NOT NULL) CREATE TABLE [dbo].[tbl_Notification_Process_Log]([Type] [nvarchar](500) NOT NULL,[DataTime] datetime NOT NULL,[Text] [text] NOT NULL) USE [Notification] CREATE TABLE [dbo].[bills]( [user_key] [int] NOT NULL,	[date_billed] [datetime2](0) NOT NULL,	[flag_email] [int] NOT NULL,	[flag_sms] [int] NOT NULL,	[flag_mobile] [int] NOT NULL,	[id] [int] IDENTITY(1,1) NOT NULL,	[paid] [int] NULL,	[bill_number] [int] NULL, CONSTRAINT [PK_bills] PRIMARY KEY CLUSTERED (	[id] ASC)WITH (PAD_INDEX = OFF, STATISTICS_NORECOMPUTE = OFF, IGNORE_DUP_KEY = OFF, ALLOW_ROW_LOCKS = ON, ALLOW_PAGE_LOCKS = ON) ON [PRIMARY]) ON [PRIMARY] CREATE TABLE [dbo].[bills_payment]( [bill_payment_key] [int] NOT NULL, [payment_date] [datetime2](0) NOT NULL, [flag_email] [int] NOT NULL, [flag_sms] [int] NOT NULL, [flag_mobile] [int] NOT NULL, [id] [int] IDENTITY(1,1) NOT NULL, [payment_amount] [int] NULL, CONSTRAINT [PK_bills_payment] PRIMARY KEY CLUSTERED ([id] ASC)WITH (PAD_INDEX = OFF, STATISTICS_NORECOMPUTE = OFF, IGNORE_DUP_KEY = OFF, ALLOW_ROW_LOCKS = ON, ALLOW_PAGE_LOCKS = ON) ON [PRIMARY]) ON [PRIMARY] CREATE TABLE [dbo].[charges](	[charge_key] [int] NOT NULL,	[date_time_charged] [datetime2](0) NOT NULL,	[date_time_due] [datetime2](0) NOT NULL,	[flag_email] [int] NOT NULL,	[flag_sms] [int] NOT NULL,	[flag_mobile] [int] NOT NULL,	[flag_email_fnotice] [int] NOT NULL,	[flag_email_snotice] [int] NOT NULL,	[flag_email_lnotice] [int] NOT NULL,	[flag_sms_fnotice] [int] NOT NULL,	[flag_sms_snotice] [int] NOT NULL,	[flag_sms_lnotice] [int] NOT NULL,	[flag_mobile_fnotice] [int] NOT NULL,	[flag_mobile_snotice] [int] NOT NULL,	[flag_mobile_lnotice] [int] NOT NULL,	[id] [int] IDENTITY(1,1) NOT NULL,	[renewed] [int] NULL, CONSTRAINT [PK_charges] PRIMARY KEY CLUSTERED (	[id] ASC)WITH (PAD_INDEX = OFF, STATISTICS_NORECOMPUTE = OFF, IGNORE_DUP_KEY = OFF, ALLOW_ROW_LOCKS = ON, ALLOW_PAGE_LOCKS = ON) ON [PRIMARY]) ON [PRIMARY] CREATE TABLE [dbo].[charges_discharge](	[chargehist_key] [int] NOT NULL,	[date_time_discharged] [datetime2](0) NOT NULL,	[flag_email] [int] NOT NULL,	[flag_sms] [int] NOT NULL,	[flag_mobile] [int] NOT NULL,	[id] [int] IDENTITY(1,1) NOT NULL, CONSTRAINT [PK_charges_discharge] PRIMARY KEY CLUSTERED (	[id] ASC)WITH (PAD_INDEX = OFF, STATISTICS_NORECOMPUTE = OFF, IGNORE_DUP_KEY = OFF, ALLOW_ROW_LOCKS = ON, ALLOW_PAGE_LOCKS = ON) ON [PRIMARY]) ON [PRIMARY] CREATE TABLE [dbo].[holds](	[hold_key] [int] NOT NULL,	[date_placed] [datetime2](0) NOT NULL,	[date_expires] [datetime2](0) NOT NULL,	[flag_email] [int] NOT NULL,	[flag_sms] [int] NOT NULL,	[flag_mobile] [int] NOT NULL,	[id] [int] IDENTITY(1,1) NOT NULL,	[Canceled] [int] NULL,	[Expired] [int] NULL,	[date_expires_changed] [int] NULL, CONSTRAINT [PK_holds] PRIMARY KEY CLUSTERED (	[id] ASC)WITH (PAD_INDEX = OFF, STATISTICS_NORECOMPUTE = OFF, IGNORE_DUP_KEY = OFF, ALLOW_ROW_LOCKS = ON, ALLOW_PAGE_LOCKS = ON) ON [PRIMARY]) ON [PRIMARY] CREATE TABLE [dbo].[requests](	[request_key] [int] NOT NULL,	[date_placed] [datetime2](0) NOT NULL,	[date_responded] [datetime2](0) NOT NULL,	[flag_email] [int] NOT NULL,	[flag_sms] [int] NOT NULL,	[flag_mobile] [int] NOT NULL,	[id] [int] IDENTITY(1,1) NOT NULL,	[Canceled] [int] NULL,	[Responded] [int] NULL,	[user_key] [int] NULL,	[date_canceled] [datetime2](0) NULL,	[request_id] [nvarchar](50) NULL, CONSTRAINT [PK_requests] PRIMARY KEY CLUSTERED (	[id] ASC)WITH (PAD_INDEX = OFF, STATISTICS_NORECOMPUTE = OFF, IGNORE_DUP_KEY = OFF, ALLOW_ROW_LOCKS = ON, ALLOW_PAGE_LOCKS = ON) ON [PRIMARY]) ON [PRIMARY] CREATE TABLE [dbo].[users_new](	[user_key] [int] NOT NULL,	[flag_email] [int] NOT NULL,	[flag_sms] [int] NOT NULL,	[flag_mobile] [int] NOT NULL,	[id] [int] IDENTITY(1,1) NOT NULL, CONSTRAINT [PK_users_new] PRIMARY KEY CLUSTERED (	[id] ASC)WITH (PAD_INDEX = OFF, STATISTICS_NORECOMPUTE = OFF, IGNORE_DUP_KEY = OFF, ALLOW_ROW_LOCKS = ON, ALLOW_PAGE_LOCKS = ON) ON [PRIMARY]) ON [PRIMARY] CREATE TABLE [dbo].[users_opt](	[user_id] [nvarchar](max) NOT NULL,	[flag_email] [int] NOT NULL,	[flag_sms] [int] NOT NULL,	[flag_mobile] [int] NOT NULL,	[id] [int] IDENTITY(1,1) NOT NULL,	[status] [int] NOT NULL,	[reason] [nvarchar](max) NULL,	[Opt] [int] NOT NULL,	[admin_id] [nvarchar](max) NULL,	[tDate] [datetime2](7) NULL, CONSTRAINT [PK_users_upgrade] PRIMARY KEY CLUSTERED (	[id] ASC)WITH (PAD_INDEX = OFF, STATISTICS_NORECOMPUTE = OFF, IGNORE_DUP_KEY = OFF, ALLOW_ROW_LOCKS = ON, ALLOW_PAGE_LOCKS = ON) ON [PRIMARY]) ON [PRIMARY] TEXTIMAGE_ON [PRIMARY] USE [Symphony_Integration] INSERT INTO [dbo].[tbl_Notification_Value_Config] ([Key],[Value]) VALUES ('Service_logs_FullPath','C:\Users\techlogin\Documents\Visual Studio 2013\Projects\Unicorn Notification\Unicorn Notification\Unicorn Notification\bin\Debug\Notifications_logs.txt') INSERT INTO [dbo].[tbl_Notification_Value_Config] ([Key],[Value]) VALUES ('ODBC_Con_Str','Dsn=DCAA;uid=sa;pwd=AAS@4770477') INSERT INTO [dbo].[tbl_Notification_Value_Config] ([Key],[Value]) VALUES ('Notification_WS_URL','http://10.10.50.30:8090/NotificationService.svc') INSERT INTO [dbo].[tbl_Notification_Value_Config] ([Key],[Value]) VALUES ('DB_TYPE','SQL') INSERT INTO [dbo].[tbl_Notification_Value_Config] ([Key],[Value]) VALUES ('Encoding','UTF8') INSERT INTO [dbo].[tbl_Notification_Value_Config] ([Key],[Value]) VALUES ('Request_Type_Tag','9037') INSERT INTO [dbo].[tbl_Notification_Value_Config] ([Key],[Value]) VALUES ('Email_Tag','9007') INSERT INTO [dbo].[tbl_Notification_Value_Config] ([Key],[Value]) VALUES ('Mobile_Tag','9025') INSERT INTO [dbo].[tbl_Notification_Value_Config] ([Key],[Value]) VALUES ('Charges_Overdue_First_Notifications_Days','0') INSERT INTO [dbo].[tbl_Notification_Value_Config] ([Key],[Value]) VALUES ('Charges_Overdue_Second_Notifications_Days','3') INSERT INTO [dbo].[tbl_Notification_Value_Config] ([Key],[Value]) VALUES ('Charges_Overdue_Final_Notifications_Days','10') INSERT INTO [dbo].[tbl_Notification_Value_Config] ([Key],[Value]) VALUES ('Push_Notification_WS_URL','http://10.0.8.134:8050/PushNotificationService.svc') INSERT INTO [dbo].[tbl_Notification_Value_Config] ([Key],[Value]) VALUES ('Mobile_MSG_logs_FullPath','C:\Users\techlogin\Desktop\Unicorn Notification\Unicorn Notification\Unicorn Notification\bin\Debug\Mobile_SMS_logs.txt') INSERT INTO [dbo].[tbl_Notification_Value_Config] ([Key],[Value]) VALUES ('EmailCC','yazeed.kloub@naseej.com;rani.taha@naseej.com') INSERT INTO [dbo].[tbl_Notification_Value_Config] ([Key],[Value]) VALUES ('HostIP','') INSERT INTO [dbo].[tbl_Notification_Value_Config] ([Key],[Value]) VALUES ('Port','') INSERT INTO [dbo].[tbl_Notification_Value_Config] ([Key],[Value]) VALUES ('Username','') INSERT INTO [dbo].[tbl_Notification_Value_Config] ([Key],[Value]) VALUES ('Password','') INSERT INTO [dbo].[tbl_Notification_Value_Config] ([Key],[Value]) VALUES ('Email','') INSERT INTO [dbo].[tbl_Notification_Enable_Config] ([Key],[Enable]) VALUES ('Query_Log',1) INSERT INTO [dbo].[tbl_Notification_Enable_Config] ([Key],[Enable]) VALUES ('Request_Type',1) INSERT INTO [dbo].[tbl_Notification_Enable_Config] ([Key],[Enable]) VALUES ('Users_New_Email_Notifications',1) INSERT INTO [dbo].[tbl_Notification_Enable_Config] ([Key],[Enable]) VALUES ('Users_New_SMS_Notifications',0) INSERT INTO [dbo].[tbl_Notification_Enable_Config] ([Key],[Enable]) VALUES ('Users_New_Mobile_Notifications',1) INSERT INTO [dbo].[tbl_Notification_Enable_Config] ([Key],[Enable]) VALUES ('Charges_New_Email_Notifications',0) INSERT INTO [dbo].[tbl_Notification_Enable_Config] ([Key],[Enable]) VALUES ('Charges_New_SMS_Notifications',0) INSERT INTO [dbo].[tbl_Notification_Enable_Config] ([Key],[Enable]) VALUES ('Charges_New_Mobile_Notifications',1) INSERT INTO [dbo].[tbl_Notification_Enable_Config] ([Key],[Enable]) VALUES ('Charges_Overdue_Email_Notifications',0) INSERT INTO [dbo].[tbl_Notification_Enable_Config] ([Key],[Enable]) VALUES ('Charges_Overdue_SMS_Notifications',0) INSERT INTO [dbo].[tbl_Notification_Enable_Config] ([Key],[Enable]) VALUES ('Charges_Overdue_Mobile_Notifications',1) INSERT INTO [dbo].[tbl_Notification_Enable_Config] ([Key],[Enable]) VALUES ('Charges_Overdue_First_Notifications',1) INSERT INTO [dbo].[tbl_Notification_Enable_Config] ([Key],[Enable]) VALUES ('Charges_Overdue_Second_Notifications',1) INSERT INTO [dbo].[tbl_Notification_Enable_Config] ([Key],[Enable]) VALUES ('Charges_Overdue_Final_Notifications',1) INSERT INTO [dbo].[tbl_Notification_Enable_Config] ([Key],[Enable]) VALUES ('Holds_Email_Notifications',0) INSERT INTO [dbo].[tbl_Notification_Enable_Config] ([Key],[Enable]) VALUES ('Holds_SMS_Notifications',0) INSERT INTO [dbo].[tbl_Notification_Enable_Config] ([Key],[Enable]) VALUES ('Holds_Mobile_Notifications',1) INSERT INTO [dbo].[tbl_Notification_Enable_Config] ([Key],[Enable]) VALUES ('Charges_Discharge_Email_Notifications',0) INSERT INTO [dbo].[tbl_Notification_Enable_Config] ([Key],[Enable]) VALUES ('Charges_Discharge_SMS_Notifications',0) INSERT INTO [dbo].[tbl_Notification_Enable_Config] ([Key],[Enable]) VALUES ('Charges_Discharge_Mobile_Notifications',1) INSERT INTO [dbo].[tbl_Notification_Enable_Config] ([Key],[Enable]) VALUES ('Charges_Renew_Email_Notifications',0) INSERT INTO [dbo].[tbl_Notification_Enable_Config] ([Key],[Enable]) VALUES ('Charges_Renew_SMS_Notifications',0) INSERT INTO [dbo].[tbl_Notification_Enable_Config] ([Key],[Enable]) VALUES ('Charges_Renew_Mobile_Notifications',1) INSERT INTO [dbo].[tbl_Notification_Enable_Config] ([Key],[Enable]) VALUES ('Requests_Email_Notifications',1) INSERT INTO [dbo].[tbl_Notification_Enable_Config] ([Key],[Enable]) VALUES ('Requests_SMS_Notifications',0) INSERT INTO [dbo].[tbl_Notification_Enable_Config] ([Key],[Enable]) VALUES ('Requests_Mobile_Notifications',1) INSERT INTO [dbo].[tbl_Notification_Enable_Config] ([Key],[Enable]) VALUES ('Bills_NEW_Email_Notifications',0) INSERT INTO [dbo].[tbl_Notification_Enable_Config] ([Key],[Enable]) VALUES ('Bills_NEW_SMS_Notifications',0) INSERT INTO [dbo].[tbl_Notification_Enable_Config] ([Key],[Enable]) VALUES ('Bills_NEW_Mobile_Notifications',1) INSERT INTO [dbo].[tbl_Notification_Enable_Config] ([Key],[Enable]) VALUES ('Bills_PAY_Email_Notifications',0) INSERT INTO [dbo].[tbl_Notification_Enable_Config] ([Key],[Enable]) VALUES ('Bills_PAY_SMS_Notifications',0) INSERT INTO [dbo].[tbl_Notification_Enable_Config] ([Key],[Enable]) VALUES ('Bills_PAY_Mobile_Notifications',1) INSERT INTO [dbo].[tbl_Notification_Enable_Config] ([Key],[Enable]) VALUES ('Approval_Email_Notifications',1) INSERT INTO [dbo].[tbl_Notification_Enable_Config] ([Key],[Enable]) VALUES ('Approval_SMS_Notifications',0) INSERT INTO [dbo].[tbl_Notification_Enable_Config] ([Key],[Enable]) VALUES ('Approval_Mobile_Notifications',1) INSERT INTO [Symphony_Integration].[dbo].[tbl_Notification_ServiceName] ([Key],[EnglishValue],[ArabicValue]) VALUES ('NEW_USERS','Users','المستخدمين') INSERT INTO [Symphony_Integration].[dbo].[tbl_Notification_ServiceName] ([Key],[EnglishValue],[ArabicValue]) VALUES ('NEW_CHARGES','Loans','الاعارات') INSERT INTO [Symphony_Integration].[dbo].[tbl_Notification_ServiceName] ([Key],[EnglishValue],[ArabicValue]) VALUES ('RENEWED_CHARGES','Loans','الاعارات') INSERT INTO [Symphony_Integration].[dbo].[tbl_Notification_ServiceName] ([Key],[EnglishValue],[ArabicValue]) VALUES ('NEW_DISCHARGES','Loans','الاعارات') INSERT INTO [Symphony_Integration].[dbo].[tbl_Notification_ServiceName] ([Key],[EnglishValue],[ArabicValue]) VALUES ('NEW_HOLDS','Reserved Books','الحجوزات') INSERT INTO [Symphony_Integration].[dbo].[tbl_Notification_ServiceName] ([Key],[EnglishValue],[ArabicValue]) VALUES ('EXPIRED_HOLDS','Reserved Books','الحجوزات') INSERT INTO [Symphony_Integration].[dbo].[tbl_Notification_ServiceName] ([Key],[EnglishValue],[ArabicValue]) VALUES ('CANCELED_HOLDS','Reserved Books','الحجوزات') INSERT INTO [Symphony_Integration].[dbo].[tbl_Notification_ServiceName] ([Key],[EnglishValue],[ArabicValue]) VALUES ('NEW_DATE_HOLDS','Reserved Books','الحجوزات') INSERT INTO [Symphony_Integration].[dbo].[tbl_Notification_ServiceName] ([Key],[EnglishValue],[ArabicValue]) VALUES ('NEW_REQ','Requests','الطلبات') INSERT INTO [Symphony_Integration].[dbo].[tbl_Notification_ServiceName] ([Key],[EnglishValue],[ArabicValue]) VALUES ('RESPONDED_REQ','Requests','الطلبات') INSERT INTO [Symphony_Integration].[dbo].[tbl_Notification_ServiceName] ([Key],[EnglishValue],[ArabicValue]) VALUES ('CANCELED_REQ','Requests','الطلبات') INSERT INTO [Symphony_Integration].[dbo].[tbl_Notification_ServiceName] ([Key],[EnglishValue],[ArabicValue]) VALUES ('NEW_BILL','Fines','اتصل بنا') INSERT INTO [Symphony_Integration].[dbo].[tbl_Notification_ServiceName] ([Key],[EnglishValue],[ArabicValue]) VALUES ('BILL_PAY','Fines','اتصل بنا') INSERT INTO [Symphony_Integration].[dbo].[tbl_Notification_Approvals] ([OPT],[Value]) VALUES ('APPROVALS_U','1') INSERT INTO [Symphony_Integration].[dbo].[tbl_Notification_Approvals]  ([OPT],[Value])VALUES ('APPROVALS_R','2') INSERT INTO [Symphony_Integration].[dbo].[tbl_Notification_Approvals] ([OPT],[Value]) VALUES ('APPROVALS_C','3') INSERT INTO [Symphony_Integration].[dbo].[tbl_Notification_Approvals] ([OPT],[Value]) VALUES ('APPROVALS_H','4') INSERT INTO [Symphony_Integration].[dbo].[tbl_Notification_Approvals] ([OPT],[Value]) VALUES ('APPROVALS_CL','5') INSERT INTO [Symphony_Integration].[dbo].[tbl_Notification_Approvals] ([OPT],[Value]) VALUES ('REQUEST_U','6') INSERT INTO [Symphony_Integration].[dbo].[tbl_Notification_Approvals] ([OPT],[Value]) VALUES ('REQUEST_R','7') INSERT INTO [Symphony_Integration].[dbo].[tbl_Notification_Approvals] ([OPT],[Value]) VALUES ('REQUEST_C','8') INSERT INTO [Symphony_Integration].[dbo].[tbl_Notification_Request] ([Key],[EnglishValue],[ArabicValue]) VALUES ('VOTEORDER','Suggest a Book','اقتراح شراء') INSERT INTO [Symphony_Integration].[dbo].[tbl_Notification_Request] ([Key],[EnglishValue],[ArabicValue]) VALUES ('CONTACT_US','Pending Inquires','اتصل بنا') INSERT INTO [dbo].[tbl_Notification_Email_Temp]  ([TempName],[TempValue]) VALUES ('Holds_New',N'') INSERT INTO [dbo].[tbl_Notification_Email_Temp]  ([TempName],[TempValue]) VALUES ('Holds_Expired',N'') INSERT INTO [dbo].[tbl_Notification_Email_Temp]  ([TempName],[TempValue]) VALUES ('Holds_Canceled',N'') INSERT INTO [dbo].[tbl_Notification_Email_Temp]  ([TempName],[TempValue]) VALUES ('Holds_New_Date',N'') INSERT INTO [dbo].[tbl_Notification_Email_Temp]  ([TempName],[TempValue]) VALUES ('Requests_Responded',N'') INSERT INTO [dbo].[tbl_Notification_Email_Temp]  ([TempName],[TempValue]) VALUES ('Requests_Canceled',N'') INSERT INTO [dbo].[tbl_Notification_Email_Temp]  ([TempName],[TempValue]) VALUES ('Charges_New',N'') INSERT INTO [dbo].[tbl_Notification_Email_Temp]  ([TempName],[TempValue]) VALUES ('Charges_Renew',N'') INSERT INTO [dbo].[tbl_Notification_Email_Temp]  ([TempName],[TempValue]) VALUES ('Approval_U',N'') INSERT INTO [dbo].[tbl_Notification_Email_Temp]  ([TempName],[TempValue]) VALUES ('Approval_U_R',N'') INSERT INTO [dbo].[tbl_Notification_Email_Temp]  ([TempName],[TempValue]) VALUES ('Approval_R',N'') INSERT INTO [dbo].[tbl_Notification_Email_Temp]  ([TempName],[TempValue]) VALUES ('Approval_R_R',N'') INSERT INTO [dbo].[tbl_Notification_Email_Temp]  ([TempName],[TempValue]) VALUES ('Approval_C',N'') INSERT INTO [dbo].[tbl_Notification_Email_Temp]  ([TempName],[TempValue]) VALUES ('Approval_C_R',N'') INSERT INTO [dbo].[tbl_Notification_Email_Temp]  ([TempName],[TempValue]) VALUES ('Approval',N'') INSERT INTO [dbo].[tbl_Notification_Email_Temp]  ([TempName],[TempValue]) VALUES ('Approval_R',N'') INSERT INTO [dbo].[tbl_Notification_Email_Temp]  ([TempName],[TempValue]) VALUES ('NEW_HOLDS',N'') INSERT INTO [dbo].[tbl_Notification_Email_Temp]  ([TempName],[TempValue]) VALUES ('NEW_REQ',N'') INSERT INTO [dbo].[tbl_Notification_Email_Temp]  ([TempName],[TempValue]) VALUES ('NewUser_U',N'') INSERT INTO [dbo].[tbl_Notification_Email_Temp]  ([TempName],[TempValue]) VALUES ('Request_R',N'') INSERT INTO [dbo].[tbl_Notification_Email_Temp]  ([TempName],[TempValue]) VALUES ('Request_C',N'') INSERT INTO [dbo].[tbl_Notification_Email_Temp]  ([TempName],[TempValue]) VALUES ('Bills_New',N'') INSERT INTO [dbo].[tbl_Notification_Email_Temp]  ([TempName],[TempValue]) VALUES ('Bills_Pay',N'') INSERT INTO [dbo].[tbl_Notification_Email_Temp]  ([TempName],[TempValue]) VALUES ('Users_New',N'') INSERT INTO [dbo].[tbl_Notification_Email_Temp]  ([TempName],[TempValue]) VALUES ('Charges_Discharge',N'') INSERT INTO [dbo].[tbl_Notification_Email_Temp]  ([TempName],[TempValue]) VALUES ('Holds_New',N'') INSERT INTO [dbo].[tbl_Notification_Email_Temp]  ([TempName],[TempValue]) VALUES ('Holds_Expired',N'') INSERT INTO [dbo].[tbl_Notification_Email_Temp]  ([TempName],[TempValue]) VALUES ('Holds_Canceled',N'') INSERT INTO [dbo].[tbl_Notification_SMS_Temp]  ([TempName],[TempValue]) VALUES ('Holds_New_Date',N'') INSERT INTO [dbo].[tbl_Notification_SMS_Temp]  ([TempName],[TempValue]) VALUES ('Requests_Responded',N'') INSERT INTO [dbo].[tbl_Notification_SMS_Temp]  ([TempName],[TempValue]) VALUES ('Requests_Canceled',N'') INSERT INTO [dbo].[tbl_Notification_SMS_Temp]  ([TempName],[TempValue]) VALUES ('Charges_New',N'') INSERT INTO [dbo].[tbl_Notification_SMS_Temp]  ([TempName],[TempValue]) VALUES ('Charges_Renew',N'') INSERT INTO [dbo].[tbl_Notification_SMS_Temp]  ([TempName],[TempValue]) VALUES ('Approval_U',N'') INSERT INTO [dbo].[tbl_Notification_SMS_Temp]  ([TempName],[TempValue]) VALUES ('Approval_U_R',N'') INSERT INTO [dbo].[tbl_Notification_SMS_Temp]  ([TempName],[TempValue]) VALUES ('Approval_R',N'') INSERT INTO [dbo].[tbl_Notification_SMS_Temp]  ([TempName],[TempValue]) VALUES ('Approval_R_R',N'') INSERT INTO [dbo].[tbl_Notification_SMS_Temp]  ([TempName],[TempValue]) VALUES ('Approval_C',N'') INSERT INTO [dbo].[tbl_Notification_SMS_Temp]  ([TempName],[TempValue]) VALUES ('Approval_C_R',N'') INSERT INTO [dbo].[tbl_Notification_SMS_Temp]  ([TempName],[TempValue]) VALUES ('Approval',N'') INSERT INTO [dbo].[tbl_Notification_SMS_Temp]  ([TempName],[TempValue]) VALUES ('Approval_R',N'') INSERT INTO [dbo].[tbl_Notification_SMS_Temp]  ([TempName],[TempValue]) VALUES ('NEW_HOLDS',N'') INSERT INTO [dbo].[tbl_Notification_SMS_Temp]  ([TempName],[TempValue]) VALUES ('NEW_REQ',N'') INSERT INTO [dbo].[tbl_Notification_SMS_Temp]  ([TempName],[TempValue]) VALUES ('NewUser_U',N'') INSERT INTO [dbo].[tbl_Notification_SMS_Temp]  ([TempName],[TempValue]) VALUES ('Request_R',N'') INSERT INTO [dbo].[tbl_Notification_SMS_Temp]  ([TempName],[TempValue]) VALUES ('Request_C',N'') INSERT INTO [dbo].[tbl_Notification_SMS_Temp]  ([TempName],[TempValue]) VALUES ('Bills_New',N'') INSERT INTO [dbo].[tbl_Notification_SMS_Temp]  ([TempName],[TempValue]) VALUES ('Bills_Pay',N'') INSERT INTO [dbo].[tbl_Notification_SMS_Temp]  ([TempName],[TempValue]) VALUES ('Users_New',N'') INSERT INTO [dbo].[tbl_Notification_SMS_Temp]  ([TempName],[TempValue]) VALUES ('Charges_Discharge',N'') INSERT INTO [dbo].[tbl_Notification_Email_Temp]  ([TempName],[TempValue]) VALUES ('Holds_New',N'') INSERT INTO [dbo].[tbl_Notification_Email_Temp]  ([TempName],[TempValue]) VALUES ('Holds_Expired',N'') INSERT INTO [dbo].[tbl_Notification_Email_Temp]  ([TempName],[TempValue]) VALUES ('Holds_Canceled',N'') INSERT INTO [dbo].[tbl_Notification_Mobile_Temp]  ([TempName],[TempValue]) VALUES ('Holds_New_Date',N'') INSERT INTO [dbo].[tbl_Notification_Mobile_Temp]  ([TempName],[TempValue]) VALUES ('Requests_Responded',N'') INSERT INTO [dbo].[tbl_Notification_Mobile_Temp]  ([TempName],[TempValue]) VALUES ('Requests_Canceled',N'') INSERT INTO [dbo].[tbl_Notification_Mobile_Temp]  ([TempName],[TempValue]) VALUES ('Charges_New',N'') INSERT INTO [dbo].[tbl_Notification_Mobile_Temp]  ([TempName],[TempValue]) VALUES ('Charges_Renew',N'') INSERT INTO [dbo].[tbl_Notification_Mobile_Temp]  ([TempName],[TempValue]) VALUES ('Approval_U',N'') INSERT INTO [dbo].[tbl_Notification_Mobile_Temp]  ([TempName],[TempValue]) VALUES ('Approval_U_R',N'') INSERT INTO [dbo].[tbl_Notification_Mobile_Temp]  ([TempName],[TempValue]) VALUES ('Approval_R',N'') INSERT INTO [dbo].[tbl_Notification_Mobile_Temp]  ([TempName],[TempValue]) VALUES ('Approval_R_R',N'') INSERT INTO [dbo].[tbl_Notification_Mobile_Temp]  ([TempName],[TempValue]) VALUES ('Approval_C',N'') INSERT INTO [dbo].[tbl_Notification_Mobile_Temp]  ([TempName],[TempValue]) VALUES ('Approval_C_R',N'') INSERT INTO [dbo].[tbl_Notification_Mobile_Temp]  ([TempName],[TempValue]) VALUES ('Approval',N'') INSERT INTO [dbo].[tbl_Notification_Mobile_Temp]  ([TempName],[TempValue]) VALUES ('Approval_R',N'') INSERT INTO [dbo].[tbl_Notification_Mobile_Temp]  ([TempName],[TempValue]) VALUES ('NEW_HOLDS',N'') INSERT INTO [dbo].[tbl_Notification_Mobile_Temp]  ([TempName],[TempValue]) VALUES ('NEW_REQ',N'') INSERT INTO [dbo].[tbl_Notification_Mobile_Temp]  ([TempName],[TempValue]) VALUES ('NewUser_U',N'') INSERT INTO [dbo].[tbl_Notification_Mobile_Temp]  ([TempName],[TempValue]) VALUES ('Request_R',N'') INSERT INTO [dbo].[tbl_Notification_Mobile_Temp]  ([TempName],[TempValue]) VALUES ('Request_C',N'') INSERT INTO [dbo].[tbl_Notification_Mobile_Temp]  ([TempName],[TempValue]) VALUES ('Bills_New',N'') INSERT INTO [dbo].[tbl_Notification_Mobile_Temp]  ([TempName],[TempValue]) VALUES ('Bills_Pay',N'') INSERT INTO [dbo].[tbl_Notification_Mobile_Temp]  ([TempName],[TempValue]) VALUES ('Users_New',N'') INSERT INTO [dbo].[tbl_Notification_Mobile_Temp]  ([TempName],[TempValue]) VALUES ('Charges_Discharge',N'') insert into [dbo].[tbl_Notification_Error_Log] ([type],[DataTime],[text]) values ('Installed',getdate(),'Notification Service Installed without Error') insert into [dbo].[tbl_Notification_Process_Log] ([type],[DataTime],[text]) values ('Installed',getdate(),'Notification Service Installed')